id,nc,sent,type label,type pred,input,output,time
0,үлкен адам,"Тойда айтылатын батаның жөні бір басқа. Ал жақсы тілектің жөні бөлек. Бата беруші адам, әдетте, оны батагөй деп атайды, ел-жұртқа сыйлы, жолы үлкен адам болуға тиіс",,idiomatic,"In the Kazakh language, determine whether the expression [үлкен адам] in this context [Тойда айтылатын батаның жөні бір басқа. Ал жақсы тілектің жөні бөлек. Бата беруші адам, әдетте, оны батагөй деп атайды, ел-жұртқа сыйлы, жолы үлкен адам болуға тиіс] is used idiomatically or literally. Return only: idiomatic or literal.",idiomatic,4.365502595901489
1,үлкен адам,"Еліне елеулі, халқына қалаулы адам. Ойқастаған жақсы атпен Орта жолда қалмайсың. Кішігірім мақсатпен Үлкен адам болмайсың!",,idiomatic,"In the Kazakh language, determine whether the expression [үлкен адам] in this context [Еліне елеулі, халқына қалаулы адам. Ойқастаған жақсы атпен Орта жолда қалмайсың. Кішігірім мақсатпен Үлкен адам болмайсың!] is used idiomatically or literally. Return only: idiomatic or literal.",idiomatic,3.641667604446411
2,үлкен адам,Үндістанның солтүстігіндегі Варанаси қаласының тұрғыны Махашта Мураси «Тарихтағы жасы ең үлкен адам» ретінде Гиннестің рекордтар кітабына тіркелді,,literal,"In the Kazakh language, determine whether the expression [үлкен адам] in this context [Үндістанның солтүстігіндегі Варанаси қаласының тұрғыны Махашта Мураси «Тарихтағы жасы ең үлкен адам» ретінде Гиннестің рекордтар кітабына тіркелді] is used idiomatically or literally. Return only: idiomatic or literal.",literal,3.6377530097961426
3,үлкен адам,"Көшеде бір үлкен адам кішкентай баланың қолынан ұстап, жолдан өткізіп жатыр.",,literal,"In the Kazakh language, determine whether the expression [үлкен адам] in this context [Көшеде бір үлкен адам кішкентай баланың қолынан ұстап, жолдан өткізіп жатыр.] is used idiomatically or literally. Return only: idiomatic or literal.",literal,1.0581188201904297
5,қара жәшік,"Қазір менің міндетім — агрессияға бейім адамдарды зерттеу, өйткені олар мен үшін әзірге қара жәшік іспетті.",,idiomatic,"In the Kazakh language, determine whether the expression [қара жәшік] in this context [Қазір менің міндетім — агрессияға бейім адамдарды зерттеу, өйткені олар мен үшін әзірге қара жәшік іспетті.] is used idiomatically or literally. Return only: idiomatic or literal.",idiomatic,2.363823413848877
6,қара жәшік,"Отқа жанбайтын, суға батпайтын: ұшақтағы қара жәшік әуе апаты кезінде сақталып қалу үшін арнайы жасалады.",,literal,"In the Kazakh language, determine whether the expression [қара жәшік] in this context [Отқа жанбайтын, суға батпайтын: ұшақтағы қара жәшік әуе апаты кезінде сақталып қалу үшін арнайы жасалады.] is used idiomatically or literally. Return only: idiomatic or literal.",literal,3.500215530395508
8,ауыз толмас,"Ауылдың жаңа мектебі туралы жұрт мақтап айтып жатыр, бірақ шын мәнінде ол мақтауға ауыз толмас — әлі талай кемшілігі бар",,idiomatic,"In the Kazakh language, determine whether the expression [ауыз толмас] in this context [Ауылдың жаңа мектебі туралы жұрт мақтап айтып жатыр, бірақ шын мәнінде ол мақтауға ауыз толмас — әлі талай кемшілігі бар] is used idiomatically or literally. Return only: idiomatic or literal.",idiomatic,3.341519594192505
9,ауыз толмас,"Оның айтқан уәдесі мен істеген ісінің арасындағы айырмашылық сондай үлкен, бұл жөнінде ауыз толмас айтуға.",,idiomatic,"In the Kazakh language, determine whether the expression [ауыз толмас] in this context [Оның айтқан уәдесі мен істеген ісінің арасындағы айырмашылық сондай үлкен, бұл жөнінде ауыз толмас айтуға.] is used idiomatically or literally. Return only: idiomatic or literal.",idiomatic,3.532459259033203
10,қыл көпір,"Дәрігерлердің уақтылы келгенінің арқасында науқас қыл көпірінен өтті, енді жағдайы тұрақталып келеді.",,idiomatic,"In the Kazakh language, determine whether the expression [қыл көпір] in this context [Дәрігерлердің уақтылы келгенінің арқасында науқас қыл көпірінен өтті, енді жағдайы тұрақталып келеді.] is used idiomatically or literally. Return only: idiomatic or literal.",idiomatic,2.5529279708862305
11,қыл көпір,Таудағы боран кезінде альпинистердің өмірі қыл көпірінің үстінде тұрғандай болды — бір қате қадам ажалға апарар еді.,,idiomatic,"In the Kazakh language, determine whether the expression [қыл көпір] in this context [Таудағы боран кезінде альпинистердің өмірі қыл көпірінің үстінде тұрғандай болды — бір қате қадам ажалға апарар еді.] is used idiomatically or literally. Return only: idiomatic or literal.",idiomatic,2.609823703765869
12,дьяволдың адвокаты,"Бұл бөлімде дьяволдың адвокаты отанымыздың негізгі кемшіліктерін атайды: ұзақ қыс пен құрғақ жазды қоса алғандағы жаман климат, астанасы батпаққа салынған ел, жақсы жолдардың аздығы, халықтың санитарлық жағдайының өте нашарлығы, түрлі аурулар, кедейлердің артта қалғандығы мен білімсіздігі, орта таптың бейқамдығы мен ұқыпсыздығы, хулигандық пен зорлық-зомбылықтың қалыпты жағдайға айналуы, адам өлтіру, қорлау, жарақаттау ештеңе емес деп саналатын қоғам.",,idiomatic,"In the Kazakh language, determine whether the expression [дьяволдың адвокаты] in this context [Бұл бөлімде дьяволдың адвокаты отанымыздың негізгі кемшіліктерін атайды: ұзақ қыс пен құрғақ жазды қоса алғандағы жаман климат, астанасы батпаққа салынған ел, жақсы жолдардың аздығы, халықтың санитарлық жағдайының өте нашарлығы, түрлі аурулар, кедейлердің артта қалғандығы мен білімсіздігі, орта таптың бейқамдығы мен ұқыпсыздығы, хулигандық пен зорлық-зомбылықтың қалыпты жағдайға айналуы, адам өлтіру, қорлау, жарақаттау ештеңе емес деп саналатын қоғам.] is used idiomatically or literally. Return only: idiomatic or literal.","The expression ""дьяволдың адвокаты"" (devil's advocate) in this context is used **idiomatically**. 

(Returning only the answer as requested: idiomatic.)",2.6141018867492676
13,дьяволдың адвокаты,"Генерал ішінен күнә жасаушылардың жағына өткен еді де, дьяволдың адвокаты сияқты, өздерінің соңғы дұшпандарын ақтауға тырысты.",,idiomatic,"In the Kazakh language, determine whether the expression [дьяволдың адвокаты] in this context [Генерал ішінен күнә жасаушылардың жағына өткен еді де, дьяволдың адвокаты сияқты, өздерінің соңғы дұшпандарын ақтауға тырысты.] is used idiomatically or literally. Return only: idiomatic or literal.","The expression ""дьяволдың адвокаты"" (devil's advocate) in this context is used **idiomatically**. 

Return: idiomatic",1.7821691036224365
14,дьяволдың адвокаты,"Юриспруденцияда жеке сезімдерге орын жоқ, сондықтан тіпті сенімін ұстанатын заңгер де өз міндеттерін жауапкершілікпен атқаруы тиіс, тіпті ол дьяволдың адвокаты болып та тағайындалған жағдайда да.",,idiomatic,"In the Kazakh language, determine whether the expression [дьяволдың адвокаты] in this context [Юриспруденцияда жеке сезімдерге орын жоқ, сондықтан тіпті сенімін ұстанатын заңгер де өз міндеттерін жауапкершілікпен атқаруы тиіс, тіпті ол дьяволдың адвокаты болып та тағайындалған жағдайда да.] is used idiomatically or literally. Return only: idiomatic or literal.","The expression ""дьяволдың адвокаты"" (devil's advocate) is used **idiomatically** in this context. 

idiomatic",1.724501609802246
15,дьяволдың адвокаты,"Белгілі бір фильмде басты кейіпкер, заңгер болып, сотта дьяволдың адвокаты ретінде шығады.",,idiomatic,"In the Kazakh language, determine whether the expression [дьяволдың адвокаты] in this context [Белгілі бір фильмде басты кейіпкер, заңгер болып, сотта дьяволдың адвокаты ретінде шығады.] is used idiomatically or literally. Return only: idiomatic or literal.",idiomatic,5.5192954540252686
16,арам ақша,"Кешірші, бірақ адам арам ақша тапқанына намыстану керек, қандай жұмыс істегеніне емес",,idiomatic,"In the Kazakh language, determine whether the expression [арам ақша] in this context [Кешірші, бірақ адам арам ақша тапқанына намыстану керек, қандай жұмыс істегеніне емес] is used idiomatically or literally. Return only: idiomatic or literal.",idiomatic,18.601949214935303
17,арам ақша,"Арам ақшамен садақа берген, мешіт салдырған, жақсылық істеген адам, кірлеген киімді зәрмен жуған адамға ұқсайды. Киімі одан сайын кірлейді",,idiomatic,"In the Kazakh language, determine whether the expression [арам ақша] in this context [Арам ақшамен садақа берген, мешіт салдырған, жақсылық істеген адам, кірлеген киімді зәрмен жуған адамға ұқсайды. Киімі одан сайын кірлейді] is used idiomatically or literally. Return only: idiomatic or literal.",idiomatic,0.8708500862121582
18,арам ақша,"Арам ақшаға тікелей контакт әртүрлі ауруларға шалдықтыруы мүмкін, әсіресе одан кейін бетке, көзге тию немесе қолды жуусыз тамақтану жасалған жағдайда.",,literal,"In the Kazakh language, determine whether the expression [арам ақша] in this context [Арам ақшаға тікелей контакт әртүрлі ауруларға шалдықтыруы мүмкін, әсіресе одан кейін бетке, көзге тию немесе қолды жуусыз тамақтану жасалған жағдайда.] is used idiomatically or literally. Return only: idiomatic or literal.",literal,3.2549514770507812
20,жаны құю,"Әр тапсырманы бірінші болып орындайтын, тыныш отырмайтын жаны құйған қызды бәрі үлгі етеді.",,idiomatic,"In the Kazakh language, determine whether the expression [жаны құю] in this context [Әр тапсырманы бірінші болып орындайтын, тыныш отырмайтын жаны құйған қызды бәрі үлгі етеді.] is used idiomatically or literally. Return only: idiomatic or literal.","The expression **""жаны құю""** in this context is used **idiomatically**.  

**Returned:** idiomatic",1.566511869430542
23,отқа май құю,"Ой, қорқамын, мұнда саяси шиеленісті күшейтуге кім және қандай мақсатпен май құюға тырысқаны жөнінде нұсқалар тым көп болуы мүмкін.",,idiomatic,"In the Kazakh language, determine whether the expression [отқа май құю] in this context [Ой, қорқамын, мұнда саяси шиеленісті күшейтуге кім және қандай мақсатпен май құюға тырысқаны жөнінде нұсқалар тым көп болуы мүмкін.] is used idiomatically or literally. Return only: idiomatic or literal.","In the given context, the expression ""май құю"" (to pour oil) is used **idiomatically**.

The idiom ""май құю"" means ""to aggravate"" or ""to add fuel to the fire."" The full sentence discusses someone trying to ""intensify the political situation,"" which aligns perfectly with the idiomatic meaning.

**Answer:** idiomatic",4.583832740783691
24,отқа май құю,"Саяда тоңып қалмас үшін көшпенділер түнде бірнеше рет отқа май құйып, осылайша жылуды сақтап отырған.",,literal,"In the Kazakh language, determine whether the expression [отқа май құю] in this context [Саяда тоңып қалмас үшін көшпенділер түнде бірнеше рет отқа май құйып, осылайша жылуды сақтап отырған.] is used idiomatically or literally. Return only: idiomatic or literal.",literal,3.2008492946624756
25,отқа май құю,"Ақ босаға аттап, отқа май құйып жатқан қазіргі келіндер бұл ырымды от пен майға табынғандықтан емес, ата-баба дәстүрін құрметтегендіктен, «бұрынғы-соңғының жолы» деп жасайды.",,idiomatic,"In the Kazakh language, determine whether the expression [отқа май құю] in this context [Ақ босаға аттап, отқа май құйып жатқан қазіргі келіндер бұл ырымды от пен майға табынғандықтан емес, ата-баба дәстүрін құрметтегендіктен, «бұрынғы-соңғының жолы» деп жасайды.] is used idiomatically or literally. Return only: idiomatic or literal.",idiomatic,2.2159581184387207
27,Құдайдың ісі,Апаттан аман қалғанын бәрі Құдайдың ісі деп қабылдады,,literal,"In the Kazakh language, determine whether the expression [Құдайдың ісі] in this context [Апаттан аман қалғанын бәрі Құдайдың ісі деп қабылдады] is used idiomatically or literally. Return only: idiomatic or literal.",literal,3.9942989349365234
28,ескі әңгіме,"Олардың бұрынғы дауы — әлдеқашан ескі әңгіме, қазір ешкім ол туралы айтпайды",,idiomatic,"In the Kazakh language, determine whether the expression [ескі әңгіме] in this context [Олардың бұрынғы дауы — әлдеқашан ескі әңгіме, қазір ешкім ол туралы айтпайды] is used idiomatically or literally. Return only: idiomatic or literal.","The expression ""[ескі әңгіме]"" in this context is used **idiomatically**. 

idiomatic",1.4127044677734375
29,ескі әңгіме,"Бұл мәселе талай шешілген, оны қайта көтерудің керегі жоқ — ол ескі әңгіме болып қалған",,idiomatic,"In the Kazakh language, determine whether the expression [ескі әңгіме] in this context [Бұл мәселе талай шешілген, оны қайта көтерудің керегі жоқ — ол ескі әңгіме болып қалған] is used idiomatically or literally. Return only: idiomatic or literal.","The expression ""[ескі әңгіме]"" in this context is used **idiomatically**. 

(It translates to ""old story"" but is used to mean something that is no longer relevant or worth revisiting, hence idiomatic.)",2.2363922595977783
30,ескі әңгіме,"Атасы әр кеш сайын бала кезіндегі оқиғаларын айтып, ескі әңгімелерді еске түсіретін",,literal,"In the Kazakh language, determine whether the expression [ескі әңгіме] in this context [Атасы әр кеш сайын бала кезіндегі оқиғаларын айтып, ескі әңгімелерді еске түсіретін] is used idiomatically or literally. Return only: idiomatic or literal.","The expression ""[ескі әңгіме]"" in this context is used **literally**, as it refers to ""old stories"" being recounted. 

**literal**",1.9386227130889893
31,ескі әңгіме,"Радиодан сонау 60-жылдардағы жазба қойылып, тыңдарман ескі әңгімені қайта естігендей болды",,literal,"In the Kazakh language, determine whether the expression [ескі әңгіме] in this context [Радиодан сонау 60-жылдардағы жазба қойылып, тыңдарман ескі әңгімені қайта естігендей болды] is used idiomatically or literally. Return only: idiomatic or literal.",literal,3.766188859939575
32,жер мен көктей,Қала мен ауыл баласының айырмашылығы жер мен көктей,,idiomatic,"In the Kazakh language, determine whether the expression [жер мен көктей] in this context [Қала мен ауыл баласының айырмашылығы жер мен көктей] is used idiomatically or literally. Return only: idiomatic or literal.",idiomatic,10.246963739395142
33,жер мен көктей,Кісі менен кісінің арасы жер мен көктей.,,idiomatic,"In the Kazakh language, determine whether the expression [жер мен көктей] in this context [Кісі менен кісінің арасы жер мен көктей.] is used idiomatically or literally. Return only: idiomatic or literal.",idiomatic,0.7361407279968262
34,Ауызбен орақ оратын адам,"Ол істен гөрі сөзге үйір, нағыз ауызбен орақ оратын адам.",,idiomatic,"In the Kazakh language, determine whether the expression [Ауызбен орақ оратын адам] in this context [Ол істен гөрі сөзге үйір, нағыз ауызбен орақ оратын адам.] is used idiomatically or literally. Return only: idiomatic or literal.",idiomatic,3.2163705825805664
35,Ауызбен орақ оратын адам,"Ауызбен орақ орғаннан гөрі нақты іске көшейік, бауырлар",,idiomatic,"In the Kazakh language, determine whether the expression [Ауызбен орақ оратын адам] in this context [Ауызбен орақ орғаннан гөрі нақты іске көшейік, бауырлар] is used idiomatically or literally. Return only: idiomatic or literal.","The expression ""Ауызбен орақ оратын адам"" in this context is used **idiomatically**. 

Return: idiomatic",2.412214994430542
36,банан республикасы,"Фильмдегі оқиға ойдан шығарылған Банан Республикасында өтеді, онда бәрі күн сайын мейрам мен төңкеріс арасында өмір сүреді.",,idiomatic,"In the Kazakh language, determine whether the expression [банан республикасы] in this context [Фильмдегі оқиға ойдан шығарылған Банан Республикасында өтеді, онда бәрі күн сайын мейрам мен төңкеріс арасында өмір сүреді.] is used idiomatically or literally. Return only: idiomatic or literal.",idiomatic,6.7028648853302
37,банан республикасы,"Президенттің ұшағы қонғанда, әуежайда Банан Республикасының туы ілініп тұрды, ал оркестр салтанатты марш ойнады.",,literal,"In the Kazakh language, determine whether the expression [банан республикасы] in this context [Президенттің ұшағы қонғанда, әуежайда Банан Республикасының туы ілініп тұрды, ал оркестр салтанатты марш ойнады.] is used idiomatically or literally. Return only: idiomatic or literal.",literal,11.431528806686401
38,батпаққа батқан,"Кешке дейін төсекте жатып, батпаққа батқандай қозғала алмай жатырмын",,idiomatic,"In the Kazakh language, determine whether the expression [батпаққа батқан] in this context [Кешке дейін төсекте жатып, батпаққа батқандай қозғала алмай жатырмын] is used idiomatically or literally. Return only: idiomatic or literal.","The expression ""батпаққа батқан"" in this context is used **idiomatically**. 

(Note: The phrase translates to ""stuck in a swamp"" and is used metaphorically to describe feeling stuck or unable to move forward, rather than referring to an actual swamp.)",2.604120969772339
39,батпаққа батқан,"Қатты шаршағандықтан, орындықтан тұра алмай, батпаққа батқан адамдай отыр.",,idiomatic,"In the Kazakh language, determine whether the expression [батпаққа батқан] in this context [Қатты шаршағандықтан, орындықтан тұра алмай, батпаққа батқан адамдай отыр.] is used idiomatically or literally. Return only: idiomatic or literal.",idiomatic,2.4513111114501953
40,батпаққа батқан,"Маңғыстауда батпаққа батқан ботаны Ұлттық ұлан сарбаздары шығарып алды, деп телеарнасы хабарлайды",,literal,"In the Kazakh language, determine whether the expression [батпаққа батқан] in this context [Маңғыстауда батпаққа батқан ботаны Ұлттық ұлан сарбаздары шығарып алды, деп телеарнасы хабарлайды] is used idiomatically or literally. Return only: idiomatic or literal.","The expression **""батпаққа батқан""** in this context is used **literally**, as it refers to physically getting stuck in a swamp (батпақ). 

**Answer:** literal",2.5172033309936523
41,батпаққа батқан,Астанада кей ауданның тұрғындары үшін батпаққа батқан көше мен есік алдына шығу мұңға айналып отыр.,,literal,"In the Kazakh language, determine whether the expression [батпаққа батқан] in this context [Астанада кей ауданның тұрғындары үшін батпаққа батқан көше мен есік алдына шығу мұңға айналып отыр.] is used idiomatically or literally. Return only: idiomatic or literal.",literal,3.156902551651001
42,аю нарығы,"Соңғы айларда қор биржасында аю нарығы орнап, акциялардың бағасы күрт құлдырады",,idiomatic,"In the Kazakh language, determine whether the expression [аю нарығы] in this context [Соңғы айларда қор биржасында аю нарығы орнап, акциялардың бағасы күрт құлдырады] is used idiomatically or literally. Return only: idiomatic or literal.",idiomatic,1.0866713523864746
43,аю нарығы,"Инвесторлар аю нарығының ұзаққа созылуынан қауіптеніп, өз активтерін жаппай сатып жатыр",,idiomatic,"In the Kazakh language, determine whether the expression [аю нарығы] in this context [Инвесторлар аю нарығының ұзаққа созылуынан қауіптеніп, өз активтерін жаппай сатып жатыр] is used idiomatically or literally. Return only: idiomatic or literal.",idiomatic,3.2811279296875
45,аю нарығы,"Көктемгі аңшылар базары аю нарығына айналып, жұрт аң терісін саудалап жатты",,literal,"In the Kazakh language, determine whether the expression [аю нарығы] in this context [Көктемгі аңшылар базары аю нарығына айналып, жұрт аң терісін саудалап жатты] is used idiomatically or literally. Return only: idiomatic or literal.",literal,4.954753875732422
46,сауық-сайран,"25-ші рет ұйымдастырылған сауық-сайранға, биыл жұлдыздар жұп-жұбымен қатысуды жөн көрген",,idiomatic,"In the Kazakh language, determine whether the expression [сауық-сайран] in this context [25-ші рет ұйымдастырылған сауық-сайранға, биыл жұлдыздар жұп-жұбымен қатысуды жөн көрген] is used idiomatically or literally. Return only: idiomatic or literal.","The expression ""сауық-сайран"" in this context is used **idiomatically**.  

idiomatic",2.012969732284546
47,сауық-сайран,"Көпшілік сауық-сайраны наурыз мерекесінде ерекше көңілді өтті, барлық адамдар би билеп, ән салды.",,idiomatic,"In the Kazakh language, determine whether the expression [сауық-сайран] in this context [Көпшілік сауық-сайраны наурыз мерекесінде ерекше көңілді өтті, барлық адамдар би билеп, ән салды.] is used idiomatically or literally. Return only: idiomatic or literal.",idiomatic,0.7809185981750488
48,атқамінер,Қаладағы жоғары атқамінерлер тағы да жаңа жоба жайлы шешім қабылдай алмады,,idiomatic,"In the Kazakh language, determine whether the expression [атқамінер] in this context [Қаладағы жоғары атқамінерлер тағы да жаңа жоба жайлы шешім қабылдай алмады] is used idiomatically or literally. Return only: idiomatic or literal.",idiomatic,2.3379268646240234
49,атқамінер,"Сол кездегі облыс атқамінерлері уәде беріп, кейін бәрін ұмытып кетті.",,idiomatic,"In the Kazakh language, determine whether the expression [атқамінер] in this context [Сол кездегі облыс атқамінерлері уәде беріп, кейін бәрін ұмытып кетті.] is used idiomatically or literally. Return only: idiomatic or literal.",idiomatic,3.9892261028289795
50,атқамінер,"Жарыс басталар алдында әрбір атқамінер өз тұлпарын тексеріп, ер-тұрманын бекітіп алды",,literal,"In the Kazakh language, determine whether the expression [атқамінер] in this context [Жарыс басталар алдында әрбір атқамінер өз тұлпарын тексеріп, ер-тұрманын бекітіп алды] is used idiomatically or literally. Return only: idiomatic or literal.",literal,3.381110668182373
51,атқамінер,Ауылдың ең мықты атқамінерлері бәйгеге қатысуға дайындалды,,literal,"In the Kazakh language, determine whether the expression [атқамінер] in this context [Ауылдың ең мықты атқамінерлері бәйгеге қатысуға дайындалды] is used idiomatically or literally. Return only: idiomatic or literal.",literal,3.4186153411865234
52,биіктен қарау,"Жаңа қызметке көтерілген соң, бұрынғы достарына биіктен қарай сөйлейтін болды",,idiomatic,"In the Kazakh language, determine whether the expression [биіктен қарау] in this context [Жаңа қызметке көтерілген соң, бұрынғы достарына биіктен қарай сөйлейтін болды] is used idiomatically or literally. Return only: idiomatic or literal.",idiomatic,3.3557944297790527
53,биіктен қарау,"Биіктен қарау үшін, не бай болу керек,не білімді болу керек",,idiomatic,"In the Kazakh language, determine whether the expression [биіктен қарау] in this context [Биіктен қарау үшін, не бай болу керек,не білімді болу керек] is used idiomatically or literally. Return only: idiomatic or literal.",idiomatic,2.4517054557800293
54,биіктен қарау,"Турист тау шыңына шығып, бүкіл алқапқа биіктен қарап, әсем көрініске тамсанды",,literal,"In the Kazakh language, determine whether the expression [биіктен қарау] in this context [Турист тау шыңына шығып, бүкіл алқапқа биіктен қарап, әсем көрініске тамсанды] is used idiomatically or literally. Return only: idiomatic or literal.",literal,0.7531082630157471
55,биіктен қарау,"Ұшқыш ұшақтың терезесінен жерге биіктен қарап, өз қаласын таныды",,literal,"In the Kazakh language, determine whether the expression [биіктен қарау] in this context [Ұшқыш ұшақтың терезесінен жерге биіктен қарап, өз қаласын таныды] is used idiomatically or literally. Return only: idiomatic or literal.","The expression [биіктен қарау] in this context is used **literally**. 

literal.",1.374415636062622
56,қара нарық,Су ресурстары және ирригация министрлігі судың қара нарығы үшін жауапкершілікті күшейтеді,,idiomatic,"In the Kazakh language, determine whether the expression [қара нарық] in this context [Су ресурстары және ирригация министрлігі судың қара нарығы үшін жауапкершілікті күшейтеді] is used idiomatically or literally. Return only: idiomatic or literal.",idiomatic,3.19537353515625
58,жасырын операция,тежеуді алып тасту дегеніміз — нақты ресурсты пайдаланудың аяқталғандығын процесс арқылы көрсететін жасырын операция,,literal,"In the Kazakh language, determine whether the expression [жасырын операция] in this context [тежеуді алып тасту дегеніміз — нақты ресурсты пайдаланудың аяқталғандығын процесс арқылы көрсететін жасырын операция] is used idiomatically or literally. Return only: idiomatic or literal.",literal,2.4197475910186768
59,жасырын операция,Әскери жасырын операцияларды жүзеге асырады арнайы күштер немесе қарулы күштердегі барлау бөлімшелері,,literal,"In the Kazakh language, determine whether the expression [жасырын операция] in this context [Әскери жасырын операцияларды жүзеге асырады арнайы күштер немесе қарулы күштердегі барлау бөлімшелері] is used idiomatically or literally. Return only: idiomatic or literal.",literal,3.715257167816162
60,елден ала бөтен,"«Сұлулық стандартының» қатарына ілігу үшін пластикалық ота жасайтын хирургтің пышағына ілініп, сыртқы бет-әлпетін өзгертуден қорықпайтын жан құрметті емес, ішкі жан-дүниесін өзгертіп, елден ала бөтен болудан қорықпайтын жан құрметті",,idiomatic,"In the Kazakh language, determine whether the expression [елден ала бөтен] in this context [«Сұлулық стандартының» қатарына ілігу үшін пластикалық ота жасайтын хирургтің пышағына ілініп, сыртқы бет-әлпетін өзгертуден қорықпайтын жан құрметті емес, ішкі жан-дүниесін өзгертіп, елден ала бөтен болудан қорықпайтын жан құрметті] is used idiomatically or literally. Return only: idiomatic or literal.",idiomatic,3.094740629196167
61,елден ала бөтен,"Оның елден ала-бөтен бір ерекшелігі бар, ол әрқашан өз ойларын ашық білдіріп, басқаларға да тәуелсіз болуды үйретеді",,idiomatic,"In the Kazakh language, determine whether the expression [елден ала бөтен] in this context [Оның елден ала-бөтен бір ерекшелігі бар, ол әрқашан өз ойларын ашық білдіріп, басқаларға да тәуелсіз болуды үйретеді] is used idiomatically or literally. Return only: idiomatic or literal.",idiomatic,1.211592435836792
62,елден ала бөтен,"Бұл ауыл алыста, өзеннің ар жағында орналасқан — нағыз елден ала бөтен жер.",,literal,"In the Kazakh language, determine whether the expression [елден ала бөтен] in this context [Бұл ауыл алыста, өзеннің ар жағында орналасқан — нағыз елден ала бөтен жер.] is used idiomatically or literally. Return only: idiomatic or literal.",literal,3.8725948333740234
63,елден ала бөтен,"Олар ұзақ жылдар бойы шөлдің ортасындағы шағын қыстауда, елден ала бөтен өмір сүріп келді",,idiomatic,"In the Kazakh language, determine whether the expression [елден ала бөтен] in this context [Олар ұзақ жылдар бойы шөлдің ортасындағы шағын қыстауда, елден ала бөтен өмір сүріп келді] is used idiomatically or literally. Return only: idiomatic or literal.",idiomatic,7.282564878463745
64,жанашыр,"Науқас баласына дәрігер ғана емес, жанашыр досы сияқты қарады",,idiomatic,"In the Kazakh language, determine whether the expression [жанашыр] in this context [Науқас баласына дәрігер ғана емес, жанашыр досы сияқты қарады] is used idiomatically or literally. Return only: idiomatic or literal.",idiomatic,2.8803417682647705
65,жанашыр,Ауылдағы ең жанашыр адам — бәріне көмектесіп жүретін Айман апай,,literal,"In the Kazakh language, determine whether the expression [жанашыр] in this context [Ауылдағы ең жанашыр адам — бәріне көмектесіп жүретін Айман апай] is used idiomatically or literally. Return only: idiomatic or literal.",literal,1.0428681373596191
66,ақсүйек,"Ақсүйектердің ықпалын шектеді, ал Кеңестік дәуірде Ақсүйек әулетінің өкілдері саяси қуғынға ұшырап, жапа шекті",,idiomatic,"In the Kazakh language, determine whether the expression [ақсүйек] in this context [Ақсүйектердің ықпалын шектеді, ал Кеңестік дәуірде Ақсүйек әулетінің өкілдері саяси қуғынға ұшырап, жапа шекті] is used idiomatically or literally. Return only: idiomatic or literal.",idiomatic,4.2598371505737305
67,ақсүйек,Ақсүйектердің қатарына жату меритократия қағидаты және мүліктік жағдайды негізінде кез келген адамға жетімді болған,,literal,"In the Kazakh language, determine whether the expression [ақсүйек] in this context [Ақсүйектердің қатарына жату меритократия қағидаты және мүліктік жағдайды негізінде кез келген адамға жетімді болған] is used idiomatically or literally. Return only: idiomatic or literal.",literal,4.226926565170288
70,ғұламалардың жылыстауы,"Сондай-ақ сұхбатта қазақстандық ғылымның неліктен қиындықтарға тап болғаны, ғұламалардың жылыстауы деген не және жастар шетелде өмір сүруді неге таңдайтыны талқыланды.",,literal,"In the Kazakh language, determine whether the expression [ғұламалардың жылыстауы] in this context [Сондай-ақ сұхбатта қазақстандық ғылымның неліктен қиындықтарға тап болғаны, ғұламалардың жылыстауы деген не және жастар шетелде өмір сүруді неге таңдайтыны талқыланды.] is used idiomatically or literally. Return only: idiomatic or literal.",literal,2.7706761360168457
72,миға жаттығу,Есеп шығару мен жаңа тіл үйрену — миға жақсы жаттығу болады,,literal,"In the Kazakh language, determine whether the expression [миға жаттығу] in this context [Есеп шығару мен жаңа тіл үйрену — миға жақсы жаттығу болады] is used idiomatically or literally. Return only: idiomatic or literal.",literal,4.192208766937256
73,миға жаттығу,Күн сайын кроссворд шешу — бұл менің миға жаттығуым,,idiomatic,"In the Kazakh language, determine whether the expression [миға жаттығу] in this context [Күн сайын кроссворд шешу — бұл менің миға жаттығуым] is used idiomatically or literally. Return only: idiomatic or literal.",idiomatic,4.098373651504517
74,бетсіз,"Сонша өтірікті айтып, тағы да кешірім сұрамай тұра беруі — нағыз бетсіздік қой",,idiomatic,"In the Kazakh language, determine whether the expression [бетсіз] in this context [Сонша өтірікті айтып, тағы да кешірім сұрамай тұра беруі — нағыз бетсіздік қой] is used idiomatically or literally. Return only: idiomatic or literal.",idiomatic,3.1368579864501953
75,бетсіз,"Бәрін алдап кеткеніне қарамастан, сол бетсіз кеше тағы да көмек сұрап келді",,idiomatic,"In the Kazakh language, determine whether the expression [бетсіз] in this context [Бәрін алдап кеткеніне қарамастан, сол бетсіз кеше тағы да көмек сұрап келді] is used idiomatically or literally. Return only: idiomatic or literal.",idiomatic,0.7847602367401123
76,бетсіз,"Бұл маскалар бетсіз жасалады, сондықтан көрермендер өздерін актерлардың орнында елестете алсын деген мақсатта",,literal,"In the Kazakh language, determine whether the expression [бетсіз] in this context [Бұл маскалар бетсіз жасалады, сондықтан көрермендер өздерін актерлардың орнында елестете алсын деген мақсатта] is used idiomatically or literally. Return only: idiomatic or literal.",literal,2.334165096282959
77,бетсіз,"Психологияда, егер ұйқыда адам барлық адамдарды бетсіз көрсе, бұл оның ешкімге сенбейтінін білдіреді.",,idiomatic,"In the Kazakh language, determine whether the expression [бетсіз] in this context [Психологияда, егер ұйқыда адам барлық адамдарды бетсіз көрсе, бұл оның ешкімге сенбейтінін білдіреді.] is used idiomatically or literally. Return only: idiomatic or literal.",idiomatic,3.4428300857543945
78,қабырғаға тірелу,"Жобаға қатысты барлық идеялар таусылып, команда мүлде қабырғаға тірелді",,idiomatic,"In the Kazakh language, determine whether the expression [қабырғаға тірелу] in this context [Жобаға қатысты барлық идеялар таусылып, команда мүлде қабырғаға тірелді] is used idiomatically or literally. Return only: idiomatic or literal.",idiomatic,0.7745201587677002
79,қабырғаға тірелу,"Көп жылдық еңбегінің нәтижесін көрмей, ол өз өмірінде алғаш рет қабырғаға тірелгендей күй кешті.",,idiomatic,"In the Kazakh language, determine whether the expression [қабырғаға тірелу] in this context [Көп жылдық еңбегінің нәтижесін көрмей, ол өз өмірінде алғаш рет қабырғаға тірелгендей күй кешті.] is used idiomatically or literally. Return only: idiomatic or literal.",idiomatic,6.508860111236572
80,қабырғаға тірелу,Балкон плитасының қабырғаға тірелу 2 нұсқасы бар: қабырғаға консольді тірелу; бөренелер арқылы тірелу,,literal,"In the Kazakh language, determine whether the expression [қабырғаға тірелу] in this context [Балкон плитасының қабырғаға тірелу 2 нұсқасы бар: қабырғаға консольді тірелу; бөренелер арқылы тірелу] is used idiomatically or literally. Return only: idiomatic or literal.","The expression ""қабырғаға тірелу"" in this context is used **literally**, as it refers to physically supporting or leaning against a wall (қабырға).  

**literal**",2.1487984657287598
81,қабырғаға тірелу,"Қабырғаға тірелу тереңдігі 120 см-ден кем емес, әр қабырғада әр-түрлі.",,idiomatic,"In the Kazakh language, determine whether the expression [қабырғаға тірелу] in this context [Қабырғаға тірелу тереңдігі 120 см-ден кем емес, әр қабырғада әр-түрлі.] is used idiomatically or literally. Return only: idiomatic or literal.",idiomatic,3.18904709815979
82,бұқа нарығы,"Қор биржасында бұқа нарығы басталып, инвесторлар акцияларды жаппай сатып ала бастады",,idiomatic,"In the Kazakh language, determine whether the expression [бұқа нарығы] in this context [Қор биржасында бұқа нарығы басталып, инвесторлар акцияларды жаппай сатып ала бастады] is used idiomatically or literally. Return only: idiomatic or literal.","The expression ""[бұқа нарығы]"" (bull market) is used **idiomatically** in this context. 

**idiomatic**",1.555480718612671
83,бұқа нарығы,Экономикадағы оң өзгерістерден кейін бұқа нарығының белгілері айқын байқалды,,idiomatic,"In the Kazakh language, determine whether the expression [бұқа нарығы] in this context [Экономикадағы оң өзгерістерден кейін бұқа нарығының белгілері айқын байқалды] is used idiomatically or literally. Return only: idiomatic or literal.","The expression **""бұқа нарығы""** (bull market) is used **idiomatically** in this context to describe a financial market condition where prices are rising or expected to rise.  

**Return:** idiomatic",2.0825204849243164
84,бұқа нарығы,"Жәрмеңкеде малшылар тірі бұқаларын сатып, базар нағыз бұқа нарығына айналды",,idiomatic,"In the Kazakh language, determine whether the expression [бұқа нарығы] in this context [Жәрмеңкеде малшылар тірі бұқаларын сатып, базар нағыз бұқа нарығына айналды] is used idiomatically or literally. Return only: idiomatic or literal.",idiomatic,4.135055780410767
86,Аяғы ауыр,"Аяғы ауыр әйелге шикі ет, теңіз өнімдері мен жұмсақ ірімшік жеуге және пастерильденбеген сүт ішуге болмайды",,idiomatic,"In the Kazakh language, determine whether the expression [Аяғы ауыр] in this context [Аяғы ауыр әйелге шикі ет, теңіз өнімдері мен жұмсақ ірімшік жеуге және пастерильденбеген сүт ішуге болмайды] is used idiomatically or literally. Return only: idiomatic or literal.","The expression ""Аяғы ауыр"" in this context is used **idiomatically**. 

idiomatic",1.448993444442749
87,Аяғы ауыр,"Болашақ аналардың көбі аяғы ауыр кезінде сезімтал бола түсіп, тез жылап қалатынын байқайды",,idiomatic,"In the Kazakh language, determine whether the expression [Аяғы ауыр] in this context [Болашақ аналардың көбі аяғы ауыр кезінде сезімтал бола түсіп, тез жылап қалатынын байқайды] is used idiomatically or literally. Return only: idiomatic or literal.",idiomatic,5.603989124298096
89,Аяғы ауыр,"Көктемгі балшықта жүрген өгіздің аяғы ауыр лайға батып, әрең қозғалып келе жатты.",,literal,"In the Kazakh language, determine whether the expression [Аяғы ауыр] in this context [Көктемгі балшықта жүрген өгіздің аяғы ауыр лайға батып, әрең қозғалып келе жатты.] is used idiomatically or literally. Return only: idiomatic or literal.",literal,4.65125036239624
90,төбесі көкке жеткендей болу,"Ұлы жеңіске жеткен сәтте спортшының қуанышы қойнына сыймай, төбесі көкке жеткендей болды.",,idiomatic,"In the Kazakh language, determine whether the expression [төбесі көкке жеткендей болу] in this context [Ұлы жеңіске жеткен сәтте спортшының қуанышы қойнына сыймай, төбесі көкке жеткендей болды.] is used idiomatically or literally. Return only: idiomatic or literal.",idiomatic,3.570206880569458
91,төбесі көкке жеткендей болу,"Ұзақ күтуден кейін жақсы хабар естігенде, оның жүзі нұрланып, төбесі көкке жеткендей қуанды",,idiomatic,"In the Kazakh language, determine whether the expression [төбесі көкке жеткендей болу] in this context [Ұзақ күтуден кейін жақсы хабар естігенде, оның жүзі нұрланып, төбесі көкке жеткендей қуанды] is used idiomatically or literally. Return only: idiomatic or literal.",idiomatic,4.687037467956543
92,төбесі көкке жеткендей болу,Дубайдағы Бурдж-Халифа ғимаратының биіктігі сонша — төбесі көкке жеткендей болып көрінеді.,,idiomatic,"In the Kazakh language, determine whether the expression [төбесі көкке жеткендей болу] in this context [Дубайдағы Бурдж-Халифа ғимаратының биіктігі сонша — төбесі көкке жеткендей болып көрінеді.] is used idiomatically or literally. Return only: idiomatic or literal.",idiomatic,3.20032000541687
93,төбесі көкке жеткендей болу,"Таудың басына шығып қарасаң, айнала тұманға оранып, төбең көкке жеткендей",,idiomatic,"In the Kazakh language, determine whether the expression [төбесі көкке жеткендей болу] in this context [Таудың басына шығып қарасаң, айнала тұманға оранып, төбең көкке жеткендей] is used idiomatically or literally. Return only: idiomatic or literal.",idiomatic,0.9064919948577881
94,зәрем ұшты,"Менің тіпті зәрем ұшты, өйткені әкемнің мінезі қатал және аудармам ұнамаған болса, «бұл сенің қолыңнан келмейді, әуре болма» деп айтар еді",,idiomatic,"In the Kazakh language, determine whether the expression [зәрем ұшты] in this context [Менің тіпті зәрем ұшты, өйткені әкемнің мінезі қатал және аудармам ұнамаған болса, «бұл сенің қолыңнан келмейді, әуре болма» деп айтар еді] is used idiomatically or literally. Return only: idiomatic or literal.","The expression ""зәрем  ұшты"" in this context is used **idiomatically**. 

idiomatic",1.6705753803253174
95,зәрем ұшты,"Мәскеудің бағалы кілемдері жүктелген вагон ашық келді. Ұрланған екен деп зәрем ұшты. Санасақ, керісінше кілемдер құжаттағыдан көп, 140 кілем артық шыққанда қуанғаннан айқайлап жіберіппін, бірақ артық жүктің де әуресі аз болмайтын еді, бірақ кем емес қой, – деп бастан өткен қызықтарын  әңгімелеген кейіпкеріміз күліп алды.",,idiomatic,"In the Kazakh language, determine whether the expression [зәрем ұшты] in this context [Мәскеудің бағалы кілемдері жүктелген вагон ашық келді. Ұрланған екен деп зәрем ұшты. Санасақ, керісінше кілемдер құжаттағыдан көп, 140 кілем артық шыққанда қуанғаннан айқайлап жіберіппін, бірақ артық жүктің де әуресі аз болмайтын еді, бірақ кем емес қой, – деп бастан өткен қызықтарын  әңгімелеген кейіпкеріміз күліп алды.] is used idiomatically or literally. Return only: idiomatic or literal.",idiomatic,0.7963447570800781
96,тәтті мақта,"Жел соққанда, қыздың қолындағы тәтті мақта жіп-жіңішке бұлттай үлпілдеп ұша жөнелді",,literal,"In the Kazakh language, determine whether the expression [тәтті мақта] in this context [Жел соққанда, қыздың қолындағы тәтті мақта жіп-жіңішке бұлттай үлпілдеп ұша жөнелді] is used idiomatically or literally. Return only: idiomatic or literal.",literal,3.146355628967285
97,тәтті мақта,"Жәрмеңкеде балалар қолдарына түрлі түсті тәтті мақта ұстап, мәз-мейрам болып жүрді.",,literal,"In the Kazakh language, determine whether the expression [тәтті мақта] in this context [Жәрмеңкеде балалар қолдарына түрлі түсті тәтті мақта ұстап, мәз-мейрам болып жүрді.] is used idiomatically or literally. Return only: idiomatic or literal.",literal,4.718477487564087
98,астан-кестен,"Жер сілкінісінен кейін үйдің іші астан-кестен болып, жиһаздар жан-жаққа шашылып жатты",,idiomatic,"In the Kazakh language, determine whether the expression [астан-кестен] in this context [Жер сілкінісінен кейін үйдің іші астан-кестен болып, жиһаздар жан-жаққа шашылып жатты] is used idiomatically or literally. Return only: idiomatic or literal.","The expression ""астан-кестен"" in this context is used **idiomatically**. 

Return: idiomatic.",1.5475950241088867
101,ай мен күндей,"Бала мен шешесінің жүздері ай мен күндей нұрланып, айналасына жылу шашып тұрды",,idiomatic,"In the Kazakh language, determine whether the expression [ай мен күндей] in this context [Бала мен шешесінің жүздері ай мен күндей нұрланып, айналасына жылу шашып тұрды] is used idiomatically or literally. Return only: idiomatic or literal.",idiomatic,3.3459033966064453
102,ай мен күндей,Кешкі аспанда ай мен күндей екі жарық дене бір сәтке қатар көрінді,,literal,"In the Kazakh language, determine whether the expression [ай мен күндей] in this context [Кешкі аспанда ай мен күндей екі жарық дене бір сәтке қатар көрінді] is used idiomatically or literally. Return only: idiomatic or literal.",literal,2.604728937149048
103,ай мен күндей,"Күн тұтылғанда аспан бозарып, ай мен күндей ерекше көрініс пайда болды",,literal,"In the Kazakh language, determine whether the expression [ай мен күндей] in this context [Күн тұтылғанда аспан бозарып, ай мен күндей ерекше көрініс пайда болды] is used idiomatically or literally. Return only: idiomatic or literal.",literal,1.5457420349121094
104,далалық зерттеу,Жобаны бастамас бұрын олар тұтынушылардың мінез-құлқын түсіну үшін бейресми далалық зерттеу жасады,,literal,"In the Kazakh language, determine whether the expression [далалық зерттеу] in this context [Жобаны бастамас бұрын олар тұтынушылардың мінез-құлқын түсіну үшін бейресми далалық зерттеу жасады] is used idiomatically or literally. Return only: idiomatic or literal.",literal,3.559117317199707
105,далалық зерттеу,Маркетологтар жаңа өнімді сынау мақсатында қала дүкендерінде далалық зерттеу ұйымдастырды,,literal,"In the Kazakh language, determine whether the expression [далалық зерттеу] in this context [Маркетологтар жаңа өнімді сынау мақсатында қала дүкендерінде далалық зерттеу ұйымдастырды] is used idiomatically or literally. Return only: idiomatic or literal.",literal,1.0447306632995605
106,далалық зерттеу,Археологтардың далалық зерттеуі кезінде ежелгі қоныстың іздері табылды,,literal,"In the Kazakh language, determine whether the expression [далалық зерттеу] in this context [Археологтардың далалық зерттеуі кезінде ежелгі қоныстың іздері табылды] is used idiomatically or literally. Return only: idiomatic or literal.",literal,3.645587205886841
107,далалық зерттеу,Биологтар көктемде аң-құстардың тіршілігін бақылау үшін далалық зерттеу жүргізді,,literal,"In the Kazakh language, determine whether the expression [далалық зерттеу] in this context [Биологтар көктемде аң-құстардың тіршілігін бақылау үшін далалық зерттеу жүргізді] is used idiomatically or literally. Return only: idiomatic or literal.",literal,2.436962604522705
108,соңғы нүкте,Ұзақ жылдар жалғасқан дауға сот үкімімен соңғы нүкте қойылды,,idiomatic,"In the Kazakh language, determine whether the expression [соңғы нүкте] in this context [Ұзақ жылдар жалғасқан дауға сот үкімімен соңғы нүкте қойылды] is used idiomatically or literally. Return only: idiomatic or literal.",idiomatic,2.940095901489258
110,соңғы нүкте,"Ол шығармада соңғы нүктені қарындашпен қойды, өйткені қаламның сиясы бітіп қалған еді.",,literal,"In the Kazakh language, determine whether the expression [соңғы нүкте] in this context [Ол шығармада соңғы нүктені қарындашпен қойды, өйткені қаламның сиясы бітіп қалған еді.] is used idiomatically or literally. Return only: idiomatic or literal.",literal,0.8083910942077637
111,соңғы нүкте,"Автор романның соңғы тарауын аяқтап, парақтың түбіне соңғы нүкте қойды да, терең дем алды.",,literal,"In the Kazakh language, determine whether the expression [соңғы нүкте] in this context [Автор романның соңғы тарауын аяқтап, парақтың түбіне соңғы нүкте қойды да, терең дем алды.] is used idiomatically or literally. Return only: idiomatic or literal.","The expression ""соңғы нүкте"" in this context is used **literally**, as it refers to placing the final punctuation mark (a period) at the end of the text. 

literal",1.8463993072509766
112,жол беру,"Көп жыл қызмет еткен басшы жас мамандарға жол беріп, зейнетке шықты",,idiomatic,"In the Kazakh language, determine whether the expression [жол беру] in this context [Көп жыл қызмет еткен басшы жас мамандарға жол беріп, зейнетке шықты] is used idiomatically or literally. Return only: idiomatic or literal.",idiomatic,1.002540111541748
113,жол беру,"Пікірталас кезінде ол қарсыласына жол беріп, мәселені бейбіт шешуді ұйғарды",,literal,"In the Kazakh language, determine whether the expression [жол беру] in this context [Пікірталас кезінде ол қарсыласына жол беріп, мәселені бейбіт шешуді ұйғарды] is used idiomatically or literally. Return only: idiomatic or literal.",literal,3.6740193367004395
114,жол беру,"Демек, жол беру тек үлкендерге ғана тиесілі құрмет емес екен",,idiomatic,"In the Kazakh language, determine whether the expression [жол беру] in this context [Демек, жол беру тек үлкендерге ғана тиесілі құрмет емес екен] is used idiomatically or literally. Return only: idiomatic or literal.",idiomatic,5.167287826538086
119,ақ жүрек,Биология сабағында оқушылар пластикалық үлгі арқылы адамның ақ жүрегінің құрылысын қарап шықты.,,literal,"In the Kazakh language, determine whether the expression [ақ жүрек] in this context [Биология сабағында оқушылар пластикалық үлгі арқылы адамның ақ жүрегінің құрылысын қарап шықты.] is used idiomatically or literally. Return only: idiomatic or literal.",literal,1.0691945552825928
120,тас жүрек,"Қанша жалынса да, ол тас жүрек күйінде қалып, еш мейірім танытпады",,idiomatic,"In the Kazakh language, determine whether the expression [тас жүрек] in this context [Қанша жалынса да, ол тас жүрек күйінде қалып, еш мейірім танытпады] is used idiomatically or literally. Return only: idiomatic or literal.",idiomatic,2.8635566234588623
122,тас жүрек,Мүсіншінің қолынан шыққан бейнеде кеудесіне тас жүрек орнатылған еді.,,literal,"In the Kazakh language, determine whether the expression [тас жүрек] in this context [Мүсіншінің қолынан шыққан бейнеде кеудесіне тас жүрек орнатылған еді.] is used idiomatically or literally. Return only: idiomatic or literal.",literal,3.670809745788574
123,тас жүрек,"Ғалымдар ежелгі мәйіттің орнын қазып, ішінен қатайып кеткен тас жүректі тапты",,literal,"In the Kazakh language, determine whether the expression [тас жүрек] in this context [Ғалымдар ежелгі мәйіттің орнын қазып, ішінен қатайып кеткен тас жүректі тапты] is used idiomatically or literally. Return only: idiomatic or literal.",literal,3.6977689266204834
124,ауыр жүк,Отбасын жалғыз асырау оның мойнына түскен ауыр жүк болды,,idiomatic,"In the Kazakh language, determine whether the expression [ауыр жүк] in this context [Отбасын жалғыз асырау оның мойнына түскен ауыр жүк болды] is used idiomatically or literally. Return only: idiomatic or literal.",idiomatic,0.8364043235778809
125,ауыр жүк,Елдің тағдырын шешетін шешім қабылдау — кез келген басшы үшін ауыр жүк,,idiomatic,"In the Kazakh language, determine whether the expression [ауыр жүк] in this context [Елдің тағдырын шешетін шешім қабылдау — кез келген басшы үшін ауыр жүк] is used idiomatically or literally. Return only: idiomatic or literal.",idiomatic,2.435495615005493
126,ауыр жүк,Ауыр Жүк Көліктері Жолдың Тез Бұзылуына Әсер Етіп Отыр,,literal,"In the Kazakh language, determine whether the expression [ауыр жүк] in this context [Ауыр Жүк Көліктері Жолдың Тез Бұзылуына Әсер Етіп Отыр] is used idiomatically or literally. Return only: idiomatic or literal.","The expression ""[ауыр жүк]"" in the given context is used **literally**. 

literal",1.2730364799499512
127,ауыр жүк,Біздің елімізде жолдар сапасыз салынғанымен қоймай оларды тезірек бүлдіретін ауыр жүктер таситын автомобильдер де көп жүреді,,literal,"In the Kazakh language, determine whether the expression [ауыр жүк] in this context [Біздің елімізде жолдар сапасыз салынғанымен қоймай оларды тезірек бүлдіретін ауыр жүктер таситын автомобильдер де көп жүреді] is used idiomatically or literally. Return only: idiomatic or literal.",literal,10.73576283454895
128,қызойнақ,"Қызойнақ салтының мән-маңызы неде десеңіз, осы жиын арқылы қыз бала өзінің ерке-сылқым мінезімен, тентектігімен қош айтысады",,literal,"In the Kazakh language, determine whether the expression [қызойнақ] in this context [Қызойнақ салтының мән-маңызы неде десеңіз, осы жиын арқылы қыз бала өзінің ерке-сылқым мінезімен, тентектігімен қош айтысады] is used idiomatically or literally. Return only: idiomatic or literal.",literal,2.2612218856811523
130,махаббат үшбұрышы,Романның ортасында кейіпкерлер арасындағы достық біртіндеп махаббат үшбұрышына айналады.,,idiomatic,"In the Kazakh language, determine whether the expression [махаббат үшбұрышы] in this context [Романның ортасында кейіпкерлер арасындағы достық біртіндеп махаббат үшбұрышына айналады.] is used idiomatically or literally. Return only: idiomatic or literal.",idiomatic,0.8467180728912354
131,махаббат үшбұрышы,Көркем фильмнің сюжеті күрделі махаббат үшбұрышына құрылған — әр кейіпкер өз сезімін жасыра алмайды,,idiomatic,"In the Kazakh language, determine whether the expression [махаббат үшбұрышы] in this context [Көркем фильмнің сюжеті күрделі махаббат үшбұрышына құрылған — әр кейіпкер өз сезімін жасыра алмайды] is used idiomatically or literally. Return only: idiomatic or literal.",idiomatic,0.8924736976623535
133,қызғылт жалау,"Сарапшылардың айтуынша, нарықтағы бұл өзгерістер — экономикалық дағдарыстың алғашқы қызғылт жалаулары.",,idiomatic,"In the Kazakh language, determine whether the expression [қызғылт жалау] in this context [Сарапшылардың айтуынша, нарықтағы бұл өзгерістер — экономикалық дағдарыстың алғашқы қызғылт жалаулары.] is used idiomatically or literally. Return only: idiomatic or literal.",idiomatic,11.421720027923584
134,қызғылт жалау,"Таңертең жел көтеріліп, мұнара басындағы қызғылт жалау баяу желбіреді",,literal,"In the Kazakh language, determine whether the expression [қызғылт жалау] in this context [Таңертең жел көтеріліп, мұнара басындағы қызғылт жалау баяу желбіреді] is used idiomatically or literally. Return only: idiomatic or literal.","The expression ""қызғылт жалау"" (pink flag) in this context is used **literally**, as it describes a physical flag waving in the wind.  

**Answer:** literal",2.42399263381958
135,қызғылт жалау,"Мерекеде алаңның ортасына үлкен қызғылт жалау ілініп, айнала гүлдермен безендірілді.",,literal,"In the Kazakh language, determine whether the expression [қызғылт жалау] in this context [Мерекеде алаңның ортасына үлкен қызғылт жалау ілініп, айнала гүлдермен безендірілді.] is used idiomatically or literally. Return only: idiomatic or literal.",literal,0.7749848365783691
136,дарияға тамған тамшыдай,Миллиондаған көмекке мұқтаж адамның арасында оның қайырымдылығы дарияға тамған тамшыдай болып қалды,,idiomatic,"In the Kazakh language, determine whether the expression [дарияға тамған тамшыдай] in this context [Миллиондаған көмекке мұқтаж адамның арасында оның қайырымдылығы дарияға тамған тамшыдай болып қалды] is used idiomatically or literally. Return only: idiomatic or literal.",idiomatic,1.346503734588623
137,дарияға тамған тамшыдай,"Әрине, бұл теңізге тамған бір тамшыдай ғана шаруа",,idiomatic,"In the Kazakh language, determine whether the expression [дарияға тамған тамшыдай] in this context [Әрине, бұл теңізге тамған бір тамшыдай ғана шаруа] is used idiomatically or literally. Return only: idiomatic or literal.",idiomatic,2.47355055809021
138,түймедейді түйедей ету,"Әңгіме арасында кішкене мәселені үлкен дауға айналдырып, түймедейді түйедей етті.",,idiomatic,"In the Kazakh language, determine whether the expression [түймедейді түйедей ету] in this context [Әңгіме арасында кішкене мәселені үлкен дауға айналдырып, түймедейді түйедей етті.] is used idiomatically or literally. Return only: idiomatic or literal.",idiomatic,2.6377322673797607
139,түймедейді түйедей ету,"Ол болмашы қателікті айтып, түймедейді түйедей етуді жақсы көреді",,idiomatic,"In the Kazakh language, determine whether the expression [түймедейді түйедей ету] in this context [Ол болмашы қателікті айтып, түймедейді түйедей етуді жақсы көреді] is used idiomatically or literally. Return only: idiomatic or literal.",idiomatic,3.8499767780303955
140,жұқа мұз үстімен жүру,"Саясаткердің әрбір мәлімдемесі қоғамның пікірін екіге бөліп, ол жұқа мұз үстімен жүргендей күйде қалды.",,idiomatic,"In the Kazakh language, determine whether the expression [жұқа мұз үстімен жүру] in this context [Саясаткердің әрбір мәлімдемесі қоғамның пікірін екіге бөліп, ол жұқа мұз үстімен жүргендей күйде қалды.] is used idiomatically or literally. Return only: idiomatic or literal.",idiomatic,2.049999475479126
141,жұқа мұз үстімен жүру,"Бұл келісімнің шарттарын бұзу — жұқа мұз үстімен жүрумен бірдей, аз ғана қателік бәрін құртады.",,idiomatic,"In the Kazakh language, determine whether the expression [жұқа мұз үстімен жүру] in this context [Бұл келісімнің шарттарын бұзу — жұқа мұз үстімен жүрумен бірдей, аз ғана қателік бәрін құртады.] is used idiomatically or literally. Return only: idiomatic or literal.","The expression ""жұқа мұз үстімен жүру"" (walking on thin ice) is used idiomatically in this context. 

idiomatic",1.7747712135314941
142,жұқа мұз үстімен жүру,"Балалар өзенге жақындап, жұқа мұз үстімен жүріп ойнағандықтан, мұғалім дереу оларды кері қайтарды.",,literal,"In the Kazakh language, determine whether the expression [жұқа мұз үстімен жүру] in this context [Балалар өзенге жақындап, жұқа мұз үстімен жүріп ойнағандықтан, мұғалім дереу оларды кері қайтарды.] is used idiomatically or literally. Return only: idiomatic or literal.","The expression **""жұқа мұз үстімен жүру""** in this context is used **literally**, as it describes children walking on thin ice near a river. 

**Answer:** literal",2.1903581619262695
143,жұқа мұз үстімен жүру,"Қыстың басында көлдің беті әлі толық қатпаған еді, сондықтан жұқа мұз үстімен жүру өте қауіпті болды.",,literal,"In the Kazakh language, determine whether the expression [жұқа мұз үстімен жүру] in this context [Қыстың басында көлдің беті әлі толық қатпаған еді, сондықтан жұқа мұз үстімен жүру өте қауіпті болды.] is used idiomatically or literally. Return only: idiomatic or literal.",literal,2.9645185470581055
144,буынды шығару,"Бір қарағанда, шағымдану бу шығаруға көмектесетін сияқты, алайда зерттеулер көрсеткендей, өз ойларын айтып, жеңілдедім деп ойлайтын адамдар да, теріс эмоцияларын сыртқа шығарғаннан кейін де, бу шығаруға бейім емес адамдарға қарағанда әлдеқайда агрессивті болып қалады.",,idiomatic,"In the Kazakh language, determine whether the expression [буынды шығару] in this context [Бір қарағанда, шағымдану бу шығаруға көмектесетін сияқты, алайда зерттеулер көрсеткендей, өз ойларын айтып, жеңілдедім деп ойлайтын адамдар да, теріс эмоцияларын сыртқа шығарғаннан кейін де, бу шығаруға бейім емес адамдарға қарағанда әлдеқайда агрессивті болып қалады.] is used idiomatically or literally. Return only: idiomatic or literal.",idiomatic,2.433101177215576
145,буынды шығару,Оның аяқталғаннан кейін адамдарға бу шығаруға көмектесетін бірден-бір шығу жолы – футбол болды.,,idiomatic,"In the Kazakh language, determine whether the expression [буынды шығару] in this context [Оның аяқталғаннан кейін адамдарға бу шығаруға көмектесетін бірден-бір шығу жолы – футбол болды.] is used idiomatically or literally. Return only: idiomatic or literal.",idiomatic,3.3951423168182373
146,буынды шығару,"Жуыну орнының есіктері ашылып, аулаға ыстық бу шығарып тұрды.",,literal,"In the Kazakh language, determine whether the expression [буынды шығару] in this context [Жуыну орнының есіктері ашылып, аулаға ыстық бу шығарып тұрды.] is used idiomatically or literally. Return only: idiomatic or literal.",literal,1.336794137954712
147,буынды шығару,Бу қозғалтқышы жұмыс істеп тұрған кезде бу цилиндрден атмосфераға шығарады немесе конденсаторға түседі.,,literal,"In the Kazakh language, determine whether the expression [буынды шығару] in this context [Бу қозғалтқышы жұмыс істеп тұрған кезде бу цилиндрден атмосфераға шығарады немесе конденсаторға түседі.] is used idiomatically or literally. Return only: idiomatic or literal.","The expression ""[буынды шығару]"" in the given context is used **literally**. 

literal",1.8955588340759277
148,екі қоянды бір оқпен өлтіру,"Бұл бір оқпен екі қоян атудың тәсілі: ол сізге сарапшы бейнесін қалыптастырып қана қоймай, сонымен қатар клиенттер іздеу жүйелерінде жиі жазатын негізгі тіркестерді сайтқа қосуға мүмкіндік береді.",,idiomatic,"In the Kazakh language, determine whether the expression [екі қоянды бір оқпен өлтіру] in this context [Бұл бір оқпен екі қоян атудың тәсілі: ол сізге сарапшы бейнесін қалыптастырып қана қоймай, сонымен қатар клиенттер іздеу жүйелерінде жиі жазатын негізгі тіркестерді сайтқа қосуға мүмкіндік береді.] is used idiomatically or literally. Return only: idiomatic or literal.","The expression ""екі қоянды бір оқпен өлтіру"" is **idiomatic**. It translates to ""killing two rabbits with one bullet,"" which is similar to the English idiom ""killing two birds with one stone,"" meaning to achieve two goals with a single action. 

**Answer:** idiomatic",3.999115467071533
149,екі қоянды бір оқпен өлтіру,"Әдеттегідей, ол бір оқпен екі қоян атқысы келді: біріншіден, ол жерде дәмді кофе мен керемет чизкейк бар, ал екіншіден, ол көптен бері қабылдау бөлмесіндегі перделерді ауыстырғысы келіп жүрген.",,idiomatic,"In the Kazakh language, determine whether the expression [екі қоянды бір оқпен өлтіру] in this context [Әдеттегідей, ол бір оқпен екі қоян атқысы келді: біріншіден, ол жерде дәмді кофе мен керемет чизкейк бар, ал екіншіден, ол көптен бері қабылдау бөлмесіндегі перделерді ауыстырғысы келіп жүрген.] is used idiomatically or literally. Return only: idiomatic or literal.",idiomatic,0.777534008026123
151,шелектеп құйып тұр,– Аздаған жаңбыр дейсің бе? Ол жақта шелектеп құйып тұр ғой! Жаңбыр аралас қар! Сыртта әрі кетсе екі-ақ градус жылылық. Оның үстіне боран.,,idiomatic,"In the Kazakh language, determine whether the expression [шелектеп құйып тұр] in this context [– Аздаған жаңбыр дейсің бе? Ол жақта шелектеп құйып тұр ғой! Жаңбыр аралас қар! Сыртта әрі кетсе екі-ақ градус жылылық. Оның үстіне боран.] is used idiomatically or literally. Return only: idiomatic or literal.",idiomatic,1.3168411254882812
155,су жүрек,"Жаңа бастамадан шошып, батылдық танытпаған басшының су жүректігі бәріне байқалды.",,idiomatic,"In the Kazakh language, determine whether the expression [су жүрек] in this context [Жаңа бастамадан шошып, батылдық танытпаған басшының су жүректігі бәріне байқалды.] is used idiomatically or literally. Return only: idiomatic or literal.",idiomatic,3.272263288497925
4,қара жәшік,"Біраз уақыт бойы экономикалық зерттеулерде «ұйым» термині кірісінде шығындар, ал шығысында өнім болатын қара жәшік ретінде қарастырылып келді.",,idiomatic,"In the Kazakh language, determine whether the expression [қара жәшік] in this context [Біраз уақыт бойы экономикалық зерттеулерде «ұйым» термині кірісінде шығындар, ал шығысында өнім болатын қара жәшік ретінде қарастырылып келді.] is used idiomatically or literally. Return only: idiomatic or literal.","The expression ""қара жәшік"" (black box) in this context is used **idiomatically**. 

idiomatic",1.9016849994659424
7,қара жәшік,Кеше түнгі сағат 1-де өткен жылдың 6 желтоқсанында Хабаров өлкесінде апатқа ұшыраған ТУ-154 ұшағының апат орнынан дыбыстық қара жәшік табылды,,literal,"In the Kazakh language, determine whether the expression [қара жәшік] in this context [Кеше түнгі сағат 1-де өткен жылдың 6 желтоқсанында Хабаров өлкесінде апатқа ұшыраған ТУ-154 ұшағының апат орнынан дыбыстық қара жәшік табылды] is used idiomatically or literally. Return only: idiomatic or literal.","The expression ""қара жәшік"" (black box) in this context is used **literally**, referring to the flight data recorder of the aircraft. 

literal",1.7035365104675293
19,арам ақша,"Көшеде үлкен ақшаны көріп, оны көтермей тұру қиын, тіпті ол арам және үтірілген ақша болса да",,idiomatic,"In the Kazakh language, determine whether the expression [арам ақша] in this context [Көшеде үлкен ақшаны көріп, оны көтермей тұру қиын, тіпті ол арам және үтірілген ақша болса да] is used idiomatically or literally. Return only: idiomatic or literal.",idiomatic,0.781926155090332
44,аю нарығы,Орман маңындағы жәрмеңкеде аңшылар тірі аюларын сатып тұрған — нағыз аю нарығы сияқты,,idiomatic,"In the Kazakh language, determine whether the expression [аю нарығы] in this context [Орман маңындағы жәрмеңкеде аңшылар тірі аюларын сатып тұрған — нағыз аю нарығы сияқты] is used idiomatically or literally. Return only: idiomatic or literal.",idiomatic,0.7040271759033203
57,қара нарық,"Косметологияның қара нарығы заңды қатайтып, бақылауды күшейтуді талап етеді",,idiomatic,"In the Kazakh language, determine whether the expression [қара нарық] in this context [Косметологияның қара нарығы заңды қатайтып, бақылауды күшейтуді талап етеді] is used idiomatically or literally. Return only: idiomatic or literal.","The expression ""қара нарық"" (black market) in this context is used **idiomatically**. 

idiomatic",2.138465166091919
68,ақсүйек,"Ақсүйек ойыны тек жарыс пен ептілікті сынау емес, сонымен қатар, жастардың басын қосып, өзара жақын араласуға мүмкіндік беретін дәстүрлі ойын болған",,idiomatic,"In the Kazakh language, determine whether the expression [ақсүйек] in this context [Ақсүйек ойыны тек жарыс пен ептілікті сынау емес, сонымен қатар, жастардың басын қосып, өзара жақын араласуға мүмкіндік беретін дәстүрлі ойын болған] is used idiomatically or literally. Return only: idiomatic or literal.",idiomatic,3.4237289428710938
69,ақсүйек,"Ақсүйекті тапқан ойыншы дереу өз тобының мүшелеріне дыбыс беріп, сөреге қарай жүгіреді",,idiomatic,"In the Kazakh language, determine whether the expression [ақсүйек] in this context [Ақсүйекті тапқан ойыншы дереу өз тобының мүшелеріне дыбыс беріп, сөреге қарай жүгіреді] is used idiomatically or literally. Return only: idiomatic or literal.",idiomatic,4.343935966491699
85,бұқа нарығы,Ауылдың ортасында өткен бұқа нарығында әркім өз малының бағасын көтеріп сатуға тырысты,,literal,"In the Kazakh language, determine whether the expression [бұқа нарығы] in this context [Ауылдың ортасында өткен бұқа нарығында әркім өз малының бағасын көтеріп сатуға тырысты] is used idiomatically or literally. Return only: idiomatic or literal.",literal,3.0114190578460693
88,Аяғы ауыр,"Зоопарк қызметкерлері байқап қалды: пілдің аяғы ауырлап, әр қадамында жерді қатты басатын болған, сондықтан оған арнайы күтім қажет болды",,idiomatic,"In the Kazakh language, determine whether the expression [Аяғы ауыр] in this context [Зоопарк қызметкерлері байқап қалды: пілдің аяғы ауырлап, әр қадамында жерді қатты басатын болған, сондықтан оған арнайы күтім қажет болды] is used idiomatically or literally. Return only: idiomatic or literal.",idiomatic,2.3790407180786133
99,астан-кестен,"Жаңа заң жобасы қоғамда үлкен дау туғызып, бәрінің ойын астан-кестен етті",,idiomatic,"In the Kazakh language, determine whether the expression [астан-кестен] in this context [Жаңа заң жобасы қоғамда үлкен дау туғызып, бәрінің ойын астан-кестен етті] is used idiomatically or literally. Return only: idiomatic or literal.",idiomatic,3.568720579147339
115,жол беру,Велосипед жолының көше қиылысынан тыс орналасқан жолмен реттелмейтін қиылысында велосипедтердің және мопедтердің жүргізушілері осы жолмен жүріп келе жатқан көлік құралдарына жол беруге тиіс,,literal,"In the Kazakh language, determine whether the expression [жол беру] in this context [Велосипед жолының көше қиылысынан тыс орналасқан жолмен реттелмейтін қиылысында велосипедтердің және мопедтердің жүргізушілері осы жолмен жүріп келе жатқан көлік құралдарына жол беруге тиіс] is used idiomatically or literally. Return only: idiomatic or literal.","The expression **""жол беру""** in this context is used **literally**, as it refers to giving way or allowing passage to vehicles. 

**Output:** literal",1.9731228351593018
117,ақ жүрек,Баланың ақ жүрегі мен адалдығын бәрі бірден байқады,,idiomatic,"In the Kazakh language, determine whether the expression [ақ жүрек] in this context [Баланың ақ жүрегі мен адалдығын бәрі бірден байқады] is used idiomatically or literally. Return only: idiomatic or literal.",idiomatic,3.131927251815796
118,ақ жүрек,Ауылда адамдар ақ жүректі дененің қызуын қайтару үшін ішеді.,,literal,"In the Kazakh language, determine whether the expression [ақ жүрек] in this context [Ауылда адамдар ақ жүректі дененің қызуын қайтару үшін ішеді.] is used idiomatically or literally. Return only: idiomatic or literal.",literal,3.933408498764038
121,тас жүрек,"Жүректі тас етті ме кілең “мықты”,Кешір мені, ағажан, ренжіттім",,idiomatic,"In the Kazakh language, determine whether the expression [тас жүрек] in this context [Жүректі тас етті ме кілең “мықты”,Кешір мені, ағажан, ренжіттім] is used idiomatically or literally. Return only: idiomatic or literal.",idiomatic,6.126827955245972
129,қызойнақ,"Қызойнақ көп ұйымдастырылмайды, ата – ана оған өз қатысуына қыздарына қатаң тыйым салған",,literal,"In the Kazakh language, determine whether the expression [қызойнақ] in this context [Қызойнақ көп ұйымдастырылмайды, ата – ана оған өз қатысуына қыздарына қатаң тыйым салған] is used idiomatically or literally. Return only: idiomatic or literal.",literal,5.461049556732178
132,қызғылт жалау,Қарым-қатынастың басында байқалған ұсақ түсінбеушіліктер кейін үлкен мәселенің қызғылт жалауы болып шықты,,idiomatic,"In the Kazakh language, determine whether the expression [қызғылт жалау] in this context [Қарым-қатынастың басында байқалған ұсақ түсінбеушіліктер кейін үлкен мәселенің қызғылт жалауы болып шықты] is used idiomatically or literally. Return only: idiomatic or literal.",idiomatic,2.754208564758301
150,шелектеп құйып тұр,"Осындай мекемелердің бірінің жанынан өтіп бара жатып, біз іштей қуанамыз — дәл қазір сол жерде емес, далада жүргенімізге, тіпті аспаннан шелектеп жаңбыр жауып тұрса да.",,idiomatic,"In the Kazakh language, determine whether the expression [шелектеп құйып тұр] in this context [Осындай мекемелердің бірінің жанынан өтіп бара жатып, біз іштей қуанамыз — дәл қазір сол жерде емес, далада жүргенімізге, тіпті аспаннан шелектеп жаңбыр жауып тұрса да.] is used idiomatically or literally. Return only: idiomatic or literal.","The expression ""шелектеп құйып тұр"" in this context is used **idiomatically** to describe heavy rain, akin to ""pouring buckets"" in English. 

**idiomatic**",2.031766653060913
152,аузынан шығып кету,"Әзілі шамадан асып, орынсыз сөз аузынан шығып кетті, соның кесірінен бәрі ренжіді.",,idiomatic,"In the Kazakh language, determine whether the expression [аузынан шығып кету] in this context [Әзілі шамадан асып, орынсыз сөз аузынан шығып кетті, соның кесірінен бәрі ренжіді.] is used idiomatically or literally. Return only: idiomatic or literal.",idiomatic,2.816307544708252
153,аузынан шығып кету,"Ол құпияны айтпаймын деп еді, бірақ байқамай аузынан шығып кетті",,idiomatic,"In the Kazakh language, determine whether the expression [аузынан шығып кету] in this context [Ол құпияны айтпаймын деп еді, бірақ байқамай аузынан шығып кетті] is used idiomatically or literally. Return only: idiomatic or literal.",idiomatic,4.516033172607422
154,су жүрек,Ерлік керек сәтте үндемей қалған оны достары су жүрек деп мазақ етті.,,idiomatic,"In the Kazakh language, determine whether the expression [су жүрек] in this context [Ерлік керек сәтте үндемей қалған оны достары су жүрек деп мазақ етті.] is used idiomatically or literally. Return only: idiomatic or literal.",idiomatic,1.2168645858764648
21,жаны құю,"Ол жұмысқа келгеніне бір апта ғана болса да, бәріне көмектесіп жүрген жаны құйған жігіт екен",,idiomatic,"In the Kazakh language, determine whether the expression [жаны құю] in this context [Ол жұмысқа келгеніне бір апта ғана болса да, бәріне көмектесіп жүрген жаны құйған жігіт екен] is used idiomatically or literally. Return only: idiomatic or literal.",idiomatic,3.6891210079193115
22,отқа май құю,"Ол отқа май құюды жақсы көреді, дәл бір лепрекон сияқты, зиянды шайтани бала, әрқашан жаңа бір әдепсіз қылықты жасап шығуға дайын тұрады.",,idiomatic,"In the Kazakh language, determine whether the expression [отқа май құю] in this context [Ол отқа май құюды жақсы көреді, дәл бір лепрекон сияқты, зиянды шайтани бала, әрқашан жаңа бір әдепсіз қылықты жасап шығуға дайын тұрады.] is used idiomatically or literally. Return only: idiomatic or literal.",idiomatic,1.4230525493621826
26,Құдайдың ісі,Кейде өмірде неге олай болғанын түсіне алмайсың — бәрі де Құдайдың ісі,,idiomatic,"In the Kazakh language, determine whether the expression [Құдайдың ісі] in this context [Кейде өмірде неге олай болғанын түсіне алмайсың — бәрі де Құдайдың ісі] is used idiomatically or literally. Return only: idiomatic or literal.",idiomatic,4.334500312805176
100,ай мен күндей,Ол екеуі бір-біріне ай мен күндей жарасатын жұп еді,,idiomatic,"In the Kazakh language, determine whether the expression [ай мен күндей] in this context [Ол екеуі бір-біріне ай мен күндей жарасатын жұп еді] is used idiomatically or literally. Return only: idiomatic or literal.","The expression ""ай мен күндей"" in this context is used **idiomatically**.",1.3375837802886963
